epoch,time,train/box_loss,train/cls_loss,train/dfl_loss,metrics/precision(B),metrics/recall(B),metrics/mAP50(B),metrics/mAP50-95(B),val/box_loss,val/cls_loss,val/dfl_loss,lr/pg0,lr/pg1,lr/pg2
1,183.288,1.15937,3.63211,1.52198,0.53104,0.34214,0.27594,0.19776,0.99427,2.06311,1.43429,0.000123092,0.000123092,0.000123092
2,329.517,1.01048,2.37666,1.36613,0.40504,0.49961,0.43243,0.32633,0.92065,1.62132,1.36904,0.000241547,0.000241547,0.000241547
3,475.942,0.97145,1.96587,1.32517,0.60837,0.53474,0.53034,0.40839,0.86376,1.32683,1.29689,0.000355117,0.000355117,0.000355117
4,622.595,0.94344,1.71814,1.29845,0.43814,0.58956,0.53761,0.41444,0.88317,1.30256,1.31314,0.000348022,0.000348022,0.000348022
5,768.802,0.90357,1.54821,1.26204,0.53361,0.59379,0.60649,0.47798,0.81072,1.17531,1.23823,0.000340696,0.000340696,0.000340696
6,915.269,0.88098,1.42484,1.24722,0.53455,0.61378,0.58204,0.4528,0.85113,1.27685,1.29158,0.00033337,0.00033337,0.00033337
7,1061.95,0.86083,1.34496,1.23283,0.62216,0.67041,0.67797,0.53512,0.79844,0.96444,1.22391,0.000326044,0.000326044,0.000326044
8,1208.55,0.83925,1.27081,1.21974,0.69846,0.57642,0.67416,0.53787,0.77119,0.92756,1.20795,0.000318718,0.000318718,0.000318718
9,1355.31,0.82601,1.21324,1.20612,0.59902,0.70517,0.70037,0.56202,0.75461,0.884,1.18411,0.000311392,0.000311392,0.000311392
10,1501.14,0.81218,1.1568,1.19726,0.64718,0.65133,0.71371,0.57432,0.75834,0.88317,1.17365,0.000304066,0.000304066,0.000304066
11,1647.73,0.8061,1.10907,1.19259,0.57708,0.70723,0.68869,0.5441,0.78365,0.95504,1.20474,0.00029674,0.00029674,0.00029674
12,1794.45,0.7884,1.09011,1.18016,0.68793,0.62482,0.70547,0.56763,0.76352,0.8665,1.18081,0.000289414,0.000289414,0.000289414
13,1940.92,0.77814,1.03808,1.17217,0.63906,0.70175,0.725,0.5837,0.74809,0.84333,1.17062,0.000282088,0.000282088,0.000282088
14,2087.12,0.77285,1.02101,1.16851,0.70276,0.62845,0.70637,0.57093,0.77018,0.89629,1.17844,0.000274762,0.000274762,0.000274762
15,2233.68,0.7627,0.98442,1.16393,0.61335,0.7101,0.7307,0.58485,0.76139,0.81336,1.18265,0.000267436,0.000267436,0.000267436
16,2380.94,0.75599,0.96502,1.15859,0.69575,0.68772,0.7337,0.59474,0.7293,0.79249,1.15865,0.00026011,0.00026011,0.00026011
17,2527.55,0.7462,0.942,1.15384,0.7104,0.70174,0.75206,0.61286,0.74452,0.73623,1.16602,0.000252784,0.000252784,0.000252784
18,2674.16,0.7364,0.91872,1.146,0.63996,0.74305,0.75276,0.6043,0.76018,0.7775,1.17254,0.000245458,0.000245458,0.000245458
19,2821.07,0.73429,0.89621,1.14219,0.64141,0.70534,0.73217,0.59266,0.75548,0.82867,1.18315,0.000238132,0.000238132,0.000238132
20,2967.01,0.72808,0.88081,1.14145,0.70245,0.6827,0.74361,0.60363,0.72528,0.76364,1.15224,0.000230806,0.000230806,0.000230806
21,3113.7,0.71453,0.85274,1.13102,0.67974,0.73039,0.7343,0.59251,0.75173,0.78932,1.16737,0.00022348,0.00022348,0.00022348
22,3260.81,0.71192,0.84742,1.12859,0.64774,0.71898,0.73113,0.59663,0.7308,0.8057,1.16136,0.000216154,0.000216154,0.000216154
23,3404.97,0.69998,0.82407,1.12114,0.65734,0.71132,0.74827,0.60868,0.73206,0.80137,1.16454,0.000208828,0.000208828,0.000208828
24,3550.8,0.69805,0.80339,1.11669,0.73599,0.70881,0.76442,0.6221,0.72334,0.74128,1.14858,0.000201502,0.000201502,0.000201502
25,3697.27,0.69224,0.79025,1.11661,0.73699,0.726,0.7621,0.62154,0.73116,0.74408,1.16528,0.000194176,0.000194176,0.000194176
26,3843.59,0.69501,0.7789,1.11578,0.71758,0.69737,0.75581,0.61851,0.7293,0.76623,1.15396,0.00018685,0.00018685,0.00018685
27,3990.23,0.68305,0.75226,1.10682,0.67719,0.73261,0.76207,0.62296,0.71582,0.76998,1.15531,0.000179524,0.000179524,0.000179524
28,4136.65,0.67865,0.74822,1.10969,0.65891,0.74432,0.74802,0.61255,0.72746,0.80061,1.15643,0.000172198,0.000172198,0.000172198
29,4283.63,0.67172,0.73779,1.10743,0.68742,0.73843,0.74994,0.61208,0.72176,0.76881,1.16178,0.000164872,0.000164872,0.000164872
30,4429.94,0.66539,0.72326,1.10202,0.724,0.67725,0.74168,0.606,0.71691,0.74868,1.14578,0.000157546,0.000157546,0.000157546
31,4575.9,0.65537,0.70822,1.09407,0.66207,0.76103,0.7488,0.61005,0.72381,0.78311,1.15349,0.00015022,0.00015022,0.00015022
32,4722.48,0.652,0.69497,1.09512,0.72069,0.72713,0.76073,0.61718,0.72857,0.78156,1.16007,0.000142894,0.000142894,0.000142894
33,4868.96,0.64808,0.68802,1.09578,0.7402,0.68638,0.75611,0.62223,0.71375,0.75517,1.14961,0.000135568,0.000135568,0.000135568
34,5015.76,0.64474,0.67741,1.08639,0.68929,0.72061,0.75054,0.61635,0.71601,0.76895,1.15201,0.000128242,0.000128242,0.000128242
35,5162.73,0.63947,0.65945,1.08505,0.69566,0.7244,0.75705,0.61582,0.72487,0.77451,1.16043,0.000120916,0.000120916,0.000120916
36,5308.79,0.63343,0.6533,1.08145,0.71635,0.70769,0.75675,0.61841,0.72472,0.77697,1.15298,0.00011359,0.00011359,0.00011359
37,5454.94,0.6191,0.64232,1.07451,0.66037,0.75105,0.74657,0.60958,0.72691,0.77034,1.16219,0.000106264,0.000106264,0.000106264
38,5602.14,0.62755,0.64217,1.07849,0.71096,0.69993,0.74827,0.60864,0.72746,0.77632,1.16631,9.8938e-05,9.8938e-05,9.8938e-05
39,5748.32,0.61809,0.62151,1.07503,0.71699,0.71969,0.75817,0.61677,0.72936,0.76391,1.17036,9.1612e-05,9.1612e-05,9.1612e-05
40,5894.78,0.6181,0.62056,1.07442,0.67477,0.73668,0.74808,0.61187,0.71712,0.77598,1.15844,8.4286e-05,8.4286e-05,8.4286e-05
41,6068.34,0.52711,0.36887,1.05281,0.75129,0.66835,0.73057,0.5977,0.72323,0.8277,1.16589,7.696e-05,7.696e-05,7.696e-05
42,6213.63,0.51452,0.35451,1.0434,0.74375,0.67897,0.737,0.6078,0.72227,0.82726,1.16552,6.9634e-05,6.9634e-05,6.9634e-05
43,6358.53,0.50087,0.3346,1.03322,0.71321,0.70952,0.73651,0.6061,0.72266,0.81663,1.16472,6.2308e-05,6.2308e-05,6.2308e-05
44,6504.42,0.49045,0.32473,1.02421,0.74861,0.69715,0.741,0.60843,0.72042,0.79177,1.16371,5.4982e-05,5.4982e-05,5.4982e-05
45,6649.97,0.48223,0.31912,1.01568,0.73804,0.69572,0.73616,0.60752,0.71695,0.80311,1.15821,4.7656e-05,4.7656e-05,4.7656e-05
46,6795.12,0.47277,0.3076,1.01199,0.71051,0.71551,0.72992,0.60024,0.7206,0.79786,1.16761,4.033e-05,4.033e-05,4.033e-05
47,6940.35,0.46647,0.30023,1.0049,0.67809,0.73814,0.73591,0.60528,0.72104,0.80627,1.16789,3.3004e-05,3.3004e-05,3.3004e-05
48,7085.86,0.45912,0.29569,1.0013,0.6977,0.73167,0.74447,0.61246,0.72164,0.80261,1.16731,2.5678e-05,2.5678e-05,2.5678e-05
49,7231.18,0.45568,0.28982,0.99896,0.72266,0.69959,0.73894,0.60577,0.72357,0.80516,1.17258,1.8352e-05,1.8352e-05,1.8352e-05
50,7376.65,0.45258,0.2857,0.99633,0.72694,0.70361,0.74078,0.60928,0.72196,0.80279,1.17139,1.1026e-05,1.1026e-05,1.1026e-05
